EmpCode,01-02-2020,02-02-2020,03-02-2020,04-02-2020,05-02-2020,06-02-2020,07-02-2020,08-02-2020,09-02-2020,10-02-2020,11-02-2020,12-02-2020,13-02-2020,14-02-2020,15-02-2020,16-02-2020,17-02-2020,18-02-2020,19-02-2020,20-02-2020,21-02-2020,22-02-2020,23-02-2020,24-02-2020,25-02-2020,26-02-2020,27-02-2020,28-02-2020,29-02-2020,Success (Y),Tried (E),Not Tried (N)
677509,09:36 - 16:38,N,09:36 - 16:41,09:30 - 16:54,09:40 - 16:40,09:34 - 16:40,N,09:42 - 16:49,N,09:41 - 16:43,09:45 - 16:43,09:42 - 16:37,09:42 - 16:39,09:44 - 16:42,09:37 - 16:43,N,09:42 - 16:44,09:42 - 16:42,09:32 - 16:46,09:46 - 16:39,N,09:37 - 16:36,N,09:40 - 16:54,09:39 - 16:40,09:39 - 16:38,09:38 - 16:40,09:35 - 16:42,09:36 - 16:41,23,0,6
940761,09:50 - 16:39,N,09:50 - 16:35,09:47 - 16:46,09:43 - 16:36,09:45 - 16:41,09:38 - 16:39,09:46 - 17:01,N,09:51 - 16:47,09:44 - 09:45,09:50 - 16:31,09:47 - 16:40,09:50 - 16:23,09:50 - 16:35,N,09:45 - 16:35,09:43 - 16:39,09:58 - 16:30,09:42 - 16:36,N,N,N,09:54 - 16:27,09:40 - 16:36,N,09:49 - 16:36,12:16 - 16:33,09:34 - 16:32,22,0,7
428945,N,N,09:36 - 16:38,09:39 - 16:39,09:30 - 16:45,09:41 - 16:36,09:41 - 16:38,09:31 - 13:10,N,09:41 - 16:36,09:40 - 09:41,09:38 - 16:30,09:43 - 16:43,09:28 - 16:42,09:36 - 16:29,N,09:42 - 16:37,09:37 - 16:43,09:40 - 16:46,09:51 - 16:37,N,16:36 - 00:00,N,09:39 - 16:41,09:34 - 16:48,09:39 - 16:37,09:45 - 16:35,09:32 - 16:42,09:43 - 00:00,23,0,6
408351,09:46 - 16:40,N,09:48 - 16:38,09:50 - 16:40,09:51 - 16:43,N,09:42 - 16:39,09:46 - 16:51,N,09:49 - 16:36,09:56 - 16:47,09:43 - 16:47,09:50 - 16:43,09:48 - 16:43,09:48 - 18:28,N,09:50 - 16:37,09:39 - 16:43,09:40 - 16:47,09:50 - 16:38,N,16:37 - 00:00,N,N,09:44 - 16:49,N,09:28 - 16:44,09:41 - 16:42,09:24 - 16:45,21,0,8
193819,11:10 - 00:00,N,10:11 - 00:00,N,10:11 - 00:00,N,14:15 - 00:00,N,N,13:27 - 00:00,09:58 - 00:00,08:21 - 00:00,10:37 - 00:00,N,N,N,08:17 - 00:00,08:21 - 00:00,09:48 - 00:00,10:05 - 00:00,N,10:32 - 00:00,N,09:58 - 00:00,10:17 - 16:36,10:14 - 00:00,09:57 - 00:00,09:55 - 17:26,09:51 - 16:58,19,0,10
499687,09:49 - 16:47,N,09:49 - 16:39,09:50 - 16:39,09:51 - 16:41,09:51 - 15:39,09:44 - 16:36,09:46 - 16:42,N,N,09:51 - 16:39,09:52 - 16:43,09:49 - 16:43,09:50 - 16:41,09:49 - 16:43,N,09:41 - 13:18,09:41 - 16:42,09:42 - 16:41,09:55 - 16:39,N,09:41 - 16:39,N,09:48 - 16:36,09:39 - 16:37,09:44 - 16:39,09:47 - 16:51,09:47 - 16:39,09:47 - 16:37,23,0,6
539712,N,N,N,N,N,N,N,N,N,N,N,N,N,N,N,N,N,N,N,N,N,N,N,N,N,N,N,N,N,0,0,29
380086,09:55 - 16:49,N,10:07 - 16:49,10:06 - 17:38,10:04 - 16:40,09:57 - 17:36,10:05 - 16:36,10:11 - 17:11,N,10:11 - 17:09,10:09 - 17:50,N,09:48 - 17:28,10:04 - 17:09,09:49 - 00:00,N,10:09 - 17:18,10:03 - 17:19,10:06 - 17:27,10:03 - 17:04,N,10:10 - 18:22,N,09:40 - 17:52,10:06 - 17:30,N,10:10 - 17:25,09:56 - 17:25,10:07 - 17:53,22,0,7
477616,09:34 - 13:18,N,09:22 - 16:40,09:39 - 16:40,09:31 - 16:38,09:24 - 16:35,09:33 - 16:33,09:34 - 00:00,N,09:38 - 16:43,10:18 - 16:38,09:29 - 16:33,09:27 - 16:41,09:28 - 16:42,09:36 - 00:00,N,09:40 - 16:31,09:27 - 16:38,09:22 - 16:45,09:21 - 16:38,N,09:22 - 16:42,N,09:20 - 16:40,09:51 - 16:42,09:35 - 16:41,N,09:24 - 16:34,09:31 - 16:36,23,0,6
162402,10:44 - 16:41,N,08:25 - 17:36,08:26 - 17:56,10:13 - 17:59,10:27 - 16:54,N,N,N,N,N,N,N,09:47 - 17:51,09:37 - 16:47,N,08:10 - 18:05,10:18 - 18:15,08:29 - 18:01,08:35 - 16:50,N,10:12 - 17:02,N,08:34 - 17:56,08:34 - 17:56,10:09 - 17:54,08:35 - 17:58,09:56 - 17:45,10:37 - 00:00,18,0,11
231469,09:50 - 14:17,N,09:46 - 14:23,09:48 - 14:02,09:50 - 14:04,09:51 - 14:34,09:51 - 13:58,09:47 - 14:11,N,09:47 - 14:03,09:55 - 13:57,09:44 - 14:08,09:49 - 14:11,N,09:47 - 14:00,N,09:48 - 14:14,09:49 - 14:09,09:48 - 14:11,09:46 - 14:23,N,09:49 - 14:36,N,09:49 - 14:38,09:48 - 14:02,09:49 - 14:24,09:49 - 14:08,N,09:48 - 14:20,22,0,7
153989,09:10 - 15:55,N,08:15 - 15:16,08:22 - 15:05,08:28 - 15:03,09:19 - 15:59,08:34 - 15:00,N,N,N,09:43 - 16:43,09:57 - 16:35,08:44 - 15:18,08:25 - 15:10,09:04 - 15:53,N,08:40 - 15:22,08:32 - 15:26,08:34 - 15:00,09:12 - 16:09,N,09:03 - 15:46,N,08:47 - 15:19,08:36 - 15:08,08:29 - 15:00,09:08 - 15:40,08:25 - 15:05,08:45 - 15:13,22,0,7
386158,N,N,08:17 - 15:07,09:32 - 16:45,09:49 - 16:40,08:17 - 15:01,10:00 - 16:39,08:17 - 11:32,N,09:50 - 16:48,09:56 - 13:02,09:50 - 16:41,08:21 - 14:57,N,09:40 - 16:37,N,08:27 - 15:07,09:33 - 16:47,09:50 - 16:48,08:24 - 15:25,N,09:47 - 16:23,N,09:53 - 15:43,09:32 - 16:44,09:46 - 16:47,08:24 - 15:07,09:43 - 16:43,09:47 - 16:38,22,0,7
301576,09:46 - 16:42,N,09:46 - 16:52,09:41 - 16:53,09:47 - 16:50,09:41 - 16:52,09:50 - 16:59,09:40 - 17:07,N,09:48 - 16:47,09:46 - 16:49,09:50 - 16:48,09:50 - 16:48,09:47 - 16:47,09:37 - 16:42,N,09:43 - 16:46,09:46 - 16:47,09:46 - 18:22,09:53 - 16:54,N,09:48 - 17:00,N,17:48 - 00:00,09:39 - 16:51,09:46 - 16:57,09:45 - 17:01,09:42 - 17:16,09:51 - 16:50,24,0,5
441771,N,N,N,N,N,N,N,N,N,N,N,N,N,N,N,N,N,N,N,N,N,N,N,N,N,N,N,N,N,0,0,29
528509,N,N,N,N,N,N,16:42 - 00:00,09:51 - 16:45,N,09:35 - 16:44,09:43 - 16:45,09:42 - 16:40,10:00 - 16:39,09:49 - 16:46,09:48 - 16:44,N,09:53 - 16:40,09:43 - 16:44,09:47 - 16:43,09:29 - 16:46,N,09:45 - 16:50,N,09:46 - 16:47,09:41 - 16:42,09:39 - 16:42,09:37 - 16:43,09:29 - 16:55,09:40 - 16:41,19,0,10
912990,09:50 - 16:51,N,09:48 - 16:53,09:50 - 16:49,09:51 - 16:54,09:49 - 16:46,09:51 - 16:44,09:50 - 17:01,N,09:48 - 16:49,09:55 - 16:40,09:50 - 16:50,09:47 - 16:47,09:54 - 16:52,09:46 - 17:09,N,09:50 - 13:02,N,09:49 - 16:49,09:52 - 16:49,N,09:48 - 16:45,N,12:42 - 17:02,09:50 - 16:50,09:51 - 13:13,09:48 - 16:51,09:45 - 16:28,09:48 - 15:51,23,0,6
214352,09:49 - 16:39,N,09:08 - 15:05,08:37 - 00:00,10:06 - 16:30,09:31 - 15:17,10:07 - 16:49,10:02 - 00:00,N,09:45 - 17:06,09:49 - 15:48,10:13 - 18:41,10:12 - 14:59,09:54 - 16:54,N,N,N,N,N,10:19 - 16:04,N,09:51 - 17:38,N,09:17 - 15:39,08:02 - 00:00,08:20 - 00:00,08:41 - 17:10,09:47 - 15:01,09:19 - 16:02,20,0,9
890290,09:46 - 00:00,N,09:41 - 16:50,09:34 - 16:44,09:51 - 16:55,09:40 - 00:00,09:39 - 16:40,09:44 - 17:02,N,N,10:05 - 13:04,N,N,N,N,N,N,N,N,N,N,N,N,N,N,09:40 - 16:52,09:46 - 16:48,09:44 - 16:53,09:45 - 16:44,12,0,17
622406,N,N,13:15 - 00:00,10:02 - 13:06,10:02 - 13:09,09:44 - 12:59,N,N,N,N,N,09:48 - 16:35,10:18 - 16:44,09:44 - 16:32,09:50 - 16:42,N,10:01 - 16:43,09:46 - 16:43,09:49 - 16:43,09:53 - 16:41,N,09:50 - 16:39,N,09:49 - 12:59,10:02 - 16:47,09:48 - 16:38,09:54 - 16:45,10:02 - 16:44,09:51 - 16:45,19,0,10
979607,N,N,09:37 - 17:32,09:55 - 17:21,10:00 - 16:51,10:10 - 16:34,10:32 - 00:00,N,N,17:04 - 00:00,10:47 - 17:55,09:59 - 17:32,09:56 - 17:43,09:59 - 17:32,10:56 - 17:21,N,09:40 - 16:52,09:35 - 18:04,10:27 - 17:47,11:07 - 18:09,N,N,N,10:07 - 18:29,N,10:28 - 17:11,11:58 - 18:18,N,10:38 - 17:30,19,0,10
969580,10:17 - 16:49,N,09:53 - 16:58,10:14 - 16:47,10:15 - 16:36,10:14 - 16:43,10:13 - 16:52,10:13 - 16:44,N,10:14 - 16:45,10:15 - 00:00,10:14 - 16:52,10:12 - 16:50,10:17 - 16:56,09:50 - 16:40,N,09:51 - 16:41,10:17 - 16:15,10:14 - 17:48,N,N,10:13 - 16:28,N,09:49 - 16:50,10:13 - 16:13,10:12 - 16:53,10:16 - 16:55,10:18 - 16:32,10:18 - 16:49,23,0,6
426038,N,N,13:06 - 17:19,09:57 - 16:51,09:51 - 16:51,09:58 - 17:17,09:45 - 17:39,09:50 - 18:25,11:06 - 00:00,09:52 - 17:53,09:59 - 17:01,09:51 - 16:59,09:59 - 00:00,09:54 - 17:07,09:41 - 17:11,N,10:00 - 17:42,09:59 - 16:56,09:58 - 18:59,09:49 - 17:07,N,09:53 - 16:56,N,09:50 - 17:26,09:52 - 16:29,09:59 - 17:38,09:50 - 17:43,10:02 - 17:30,09:57 - 17:15,24,0,5
388642,09:44 - 16:41,N,14:03 - 16:35,09:36 - 16:53,13:59 - 16:41,09:46 - 16:43,13:47 - 16:33,09:28 - 17:02,N,13:53 - 16:40,N,N,09:55 - 16:27,N,N,N,N,11:41 - 17:08,16:38 - 00:00,09:38 - 17:14,N,09:20 - 16:40,N,N,09:42 - 16:51,12:56 - 00:00,09:43 - 00:00,N,N,16,0,13
560455,09:33 - 15:59,N,09:23 - 17:18,09:21 - 16:12,09:38 - 16:03,09:22 - 16:06,09:19 - 16:16,09:23 - 16:49,N,09:22 - 15:57,09:34 - 10:08,N,09:29 - 16:10,09:25 - 16:04,09:21 - 16:00,N,09:23 - 16:10,09:28 - 16:09,09:25 - 14:45,09:26 - 16:14,N,09:19 - 15:58,N,14:06 - 16:22,12:03 - 16:08,09:24 - 15:59,09:29 - 15:58,09:34 - 16:41,09:24 - 16:24,23,0,6
477253,09:46 - 16:46,N,09:47 - 16:45,09:49 - 15:28,09:44 - 16:38,09:45 - 16:40,09:41 - 16:39,09:43 - 16:37,N,09:43 - 16:36,09:59 - 16:38,09:42 - 16:40,09:40 - 16:41,09:42 - 16:42,09:43 - 16:37,N,09:43 - 16:42,09:41 - 16:39,16:47 - 00:00,09:42 - 16:38,N,09:46 - 16:44,N,09:52 - 16:43,09:45 - 16:39,N,09:40 - 16:44,09:53 - 16:39,09:52 - 16:36,23,0,6
263480,10:48 - 16:34,N,10:31 - 16:36,10:04 - 16:24,09:47 - 16:33,09:51 - 16:24,10:11 - 16:49,10:05 - 17:09,N,09:53 - 17:23,10:05 - 16:34,N,08:16 - 16:34,09:44 - 00:00,10:00 - 13:40,N,10:08 - 16:38,10:03 - 16:41,09:59 - 16:15,09:56 - 16:27,N,10:10 - 16:17,N,09:56 - 16:21,10:04 - 16:21,10:12 - 16:35,09:47 - 16:38,10:02 - 16:44,10:40 - 16:36,23,0,6
683826,09:42 - 16:36,N,09:25 - 14:22,09:40 - 16:34,09:36 - 16:35,09:34 - 16:39,N,N,N,09:46 - 16:36,09:49 - 16:37,09:54 - 16:32,09:46 - 16:43,09:54 - 16:15,09:40 - 16:34,N,09:43 - 16:43,09:42 - 16:41,09:47 - 00:00,09:43 - 16:45,N,09:37 - 00:00,N,09:40 - 16:45,09:40 - 16:37,09:36 - 16:42,09:37 - 16:42,09:41 - 16:36,09:32 - 16:29,22,0,7
474599,08:15 - 15:32,N,09:40 - 16:52,09:38 - 16:45,08:21 - 15:03,08:12 - 15:05,08:24 - 15:11,08:32 - 15:03,N,09:33 - 16:39,09:54 - 16:41,10:17 - 16:39,08:24 - 14:59,08:38 - 15:01,08:17 - 14:57,N,09:50 - 16:45,09:40 - 16:44,08:20 - 15:00,08:13 - 15:17,N,08:14 - 15:01,N,09:32 - 16:47,08:36 - 15:09,08:24 - 14:57,08:20 - 15:04,08:16 - 15:03,08:21 - 13:59,24,0,5
335732,09:46 - 16:51,N,09:57 - 16:54,09:38 - 16:48,N,09:52 - 16:46,09:53 - 16:43,09:42 - 17:01,N,09:48 - 16:47,09:37 - 16:40,09:33 - 16:51,09:24 - 16:44,09:37 - 16:52,09:32 - 17:09,N,09:56 - 16:41,09:40 - 16:52,09:22 - 16:49,09:37 - 16:49,N,09:22 - 16:45,N,09:47 - 17:02,09:49 - 16:50,09:47 - 16:45,09:41 - 16:51,09:54 - 16:28,09:38 - 15:50,23,0,6
329752,09:35 - 16:43,N,14:03 - 16:43,09:36 - 16:53,13:58 - 00:00,09:42 - 16:44,13:47 - 16:32,09:46 - 17:14,N,13:53 - 16:37,11:04 - 16:46,N,09:43 - 16:27,N,09:21 - 16:41,N,N,09:48 - 16:54,16:35 - 00:00,09:45 - 17:19,N,09:30 - 17:02,N,13:59 - 16:56,09:28 - 16:51,12:54 - 16:46,09:23 - 00:00,13:55 - 17:25,09:39 - 16:34,21,0,8
893212,08:26 - 15:00,N,08:27 - 15:05,09:41 - 00:00,08:26 - 00:00,N,N,N,N,09:46 - 16:19,09:48 - 16:37,09:54 - 16:33,N,09:53 - 16:15,09:40 - 16:34,N,N,09:42 - 00:00,08:24 - 14:58,09:43 - 16:47,N,09:37 - 16:51,N,09:39 - 00:00,09:38 - 16:35,08:19 - 14:57,09:37 - 16:42,09:41 - 16:33,09:31 - 16:28,19,0,10
621833,08:20 - 15:35,N,08:21 - 14:59,08:20 - 15:25,08:17 - 15:01,08:15 - 15:00,N,08:11 - 14:59,N,09:48 - 16:43,09:52 - 16:40,N,08:24 - 15:04,08:17 - 15:06,N,N,08:19 - 14:58,08:23 - 15:03,08:21 - 14:59,08:20 - 14:58,N,08:21 - 15:32,N,08:18 - 15:01,08:21 - 15:03,08:23 - 14:57,09:19 - 15:55,08:20 - 15:00,08:21 - 14:59,21,0,8
456747,09:45 - 16:38,N,09:46 - 16:50,09:42 - 16:39,09:31 - 15:41,09:36 - 16:36,09:43 - 16:40,09:56 - 17:13,N,09:35 - 16:39,09:52 - 16:39,09:41 - 16:35,09:46 - 16:44,09:45 - 16:46,N,N,10:04 - 16:48,09:45 - 16:45,09:41 - 16:57,09:48 - 16:47,N,09:37 - 16:39,N,09:34 - 16:44,09:32 - 16:38,09:28 - 16:52,09:23 - 16:51,09:37 - 16:57,09:39 - 16:46,23,0,6
278556,09:44 - 16:37,N,09:45 - 16:45,09:36 - 16:43,09:30 - 16:43,09:36 - 16:33,09:37 - 16:51,N,N,N,09:55 - 16:47,09:35 - 16:34,09:37 - 16:43,09:27 - 16:38,09:33 - 16:35,N,09:40 - 16:45,09:39 - 16:39,09:42 - 16:40,09:40 - 16:39,N,09:42 - 16:45,N,09:41 - 16:25,09:43 - 16:29,09:37 - 16:39,09:29 - 16:33,09:42 - 16:33,09:48 - 16:42,22,0,7
333476,08:02 - 15:20,N,08:02 - 15:22,08:11 - 15:09,08:07 - 15:12,08:04 - 15:13,09:44 - 15:04,08:02 - 15:27,N,N,08:11 - 15:14,08:09 - 14:59,08:14 - 16:03,08:09 - 15:45,13:12 - 16:43,N,08:14 - 15:07,08:13 - 15:11,08:11 - 15:08,N,N,N,N,N,N,N,N,N,N,15,0,14
218791,09:22 - 00:00,N,09:10 - 17:01,08:57 - 15:34,09:17 - 17:05,09:11 - 16:26,09:02 - 16:28,N,N,09:25 - 16:35,09:02 - 15:47,08:59 - 15:49,N,N,10:59 - 17:28,N,09:18 - 15:51,09:10 - 16:05,09:29 - 16:40,09:32 - 17:31,N,09:16 - 00:00,N,09:21 - 17:29,09:11 - 17:33,09:08 - 16:26,09:14 - 17:32,09:01 - 15:17,09:10 - 00:00,21,0,8
134841,08:55 - 16:07,N,N,09:22 - 16:23,09:02 - 16:24,08:59 - 16:24,09:05 - 16:26,09:17 - 00:00,N,N,09:44 - 10:11,09:52 - 16:27,09:41 - 16:21,09:33 - 16:18,08:51 - 16:39,N,09:35 - 16:58,09:02 - 16:42,09:17 - 16:17,09:11 - 16:08,N,09:12 - 16:14,N,09:48 - 16:19,09:09 - 16:19,09:18 - 16:24,09:09 - 16:18,09:15 - 16:29,09:02 - 16:14,22,0,7
726264,08:15 - 15:32,N,09:18 - 16:48,09:33 - 16:42,09:44 - 17:09,08:28 - 15:03,08:24 - 15:11,08:12 - 17:11,N,N,09:44 - 16:44,09:46 - 16:40,08:24 - 14:59,N,08:36 - 15:04,N,09:39 - 16:46,09:42 - 16:48,08:32 - 12:17,08:28 - 15:21,N,08:18 - 15:00,N,09:24 - 16:46,09:10 - 15:59,09:41 - 16:53,08:21 - 15:04,08:16 - 15:05,08:18 - 14:14,22,0,7
766610,N,N,09:46 - 16:58,09:36 - 16:47,09:48 - 16:48,N,09:45 - 16:50,09:45 - 16:46,N,09:42 - 16:44,10:04 - 16:47,09:43 - 16:52,09:43 - 16:50,10:00 - 16:59,09:48 - 16:45,N,09:52 - 17:12,09:48 - 16:50,N,09:45 - 16:47,N,N,N,09:40 - 16:42,09:47 - 16:53,09:43 - 16:53,N,N,N,17,0,12
923947,10:27 - 00:00,N,10:00 - 16:56,09:53 - 00:00,10:15 - 00:00,10:57 - 00:00,10:02 - 00:00,10:11 - 16:25,N,11:03 - 17:09,10:10 - 00:00,10:12 - 00:00,10:09 - 00:00,10:03 - 00:00,10:13 - 17:15,N,09:55 - 00:00,10:04 - 00:00,09:52 - 00:00,10:12 - 00:00,N,10:00 - 00:00,N,10:11 - 00:00,10:12 - 00:00,10:18 - 00:00,10:03 - 00:00,09:59 - 16:48,10:02 - 00:00,24,0,5
227922,09:37 - 16:49,N,09:48 - 16:58,09:39 - 16:47,09:48 - 16:50,09:37 - 16:44,N,09:39 - 16:44,N,09:51 - 16:47,10:04 - 16:46,09:40 - 16:51,09:50 - 16:50,09:35 - 16:48,09:50 - 16:46,N,09:38 - 16:48,09:39 - 16:50,09:50 - 16:48,N,N,09:51 - 16:47,N,09:48 - 16:49,09:54 - 16:50,09:45 - 16:47,09:47 - 16:48,09:48 - 16:49,09:50 - 16:45,22,0,7
265813,09:40 - 16:43,N,09:44 - 16:44,08:17 - 15:13,09:46 - 16:48,08:21 - 15:07,08:15 - 15:09,09:34 - 17:06,N,09:42 - 16:44,09:53 - 16:41,09:40 - 16:42,08:22 - 15:00,08:10 - 15:07,09:40 - 16:43,N,09:44 - 16:48,08:24 - 15:00,09:41 - 16:42,09:36 - 16:43,N,09:40 - 16:41,N,09:43 - 16:46,08:18 - 15:00,09:38 - 16:41,08:21 - 14:59,08:18 - 15:04,09:32 - 15:27,24,0,5
247137,09:27 - 16:43,N,09:31 - 16:07,09:19 - 16:02,09:11 - 16:11,09:35 - 16:03,08:26 - 15:00,09:21 - 16:00,N,09:55 - 16:42,09:45 - 16:39,09:42 - 16:49,09:24 - 16:03,09:19 - 00:00,09:27 - 16:05,N,09:41 - 16:08,08:27 - 12:53,09:35 - 16:14,09:47 - 16:07,N,09:21 - 16:01,N,09:22 - 16:04,09:29 - 15:59,09:23 - 16:05,08:26 - 14:55,N,N,22,0,7
407061,09:35 - 16:41,N,08:02 - 15:08,09:32 - 16:47,08:03 - 15:03,08:02 - 15:03,09:34 - 16:44,09:33 - 17:10,N,09:36 - 16:37,10:07 - 16:39,09:34 - 16:36,08:08 - 15:01,09:37 - 16:43,08:05 - 14:57,N,08:10 - 14:57,09:34 - 12:53,08:04 - 15:01,08:06 - 15:00,N,08:06 - 15:00,N,N,09:34 - 16:48,08:07 - 14:36,08:09 - 15:04,08:06 - 15:00,09:36 - 16:43,23,0,6
226714,N,N,09:49 - 16:50,09:10 - 16:46,09:19 - 16:48,09:37 - 16:46,09:36 - 16:50,09:39 - 17:05,N,09:50 - 16:43,09:48 - 16:47,09:44 - 16:51,09:49 - 16:47,09:34 - 16:48,N,N,09:39 - 16:48,09:44 - 16:52,08:12 - 15:01,09:50 - 16:54,N,08:08 - 00:00,N,07:58 - 15:30,N,09:24 - 16:47,09:15 - 15:37,09:13 - 16:49,09:50 - 16:45,21,0,8
702813,09:54 - 16:53,N,09:53 - 16:56,10:26 - 17:04,09:27 - 16:43,09:14 - 16:56,10:08 - 16:51,09:53 - 17:13,N,09:32 - 16:58,10:07 - 16:54,09:48 - 16:34,N,N,N,N,10:19 - 16:53,10:10 - 16:48,10:06 - 17:26,09:57 - 16:59,N,09:41 - 16:51,N,09:52 - 17:13,09:52 - 16:53,10:05 - 17:05,N,09:25 - 17:10,09:57 - 16:51,20,0,9
524896,09:38 - 16:06,N,09:30 - 16:42,09:32 - 16:43,09:39 - 16:42,09:37 - 16:08,12:56 - 16:39,09:38 - 12:27,N,09:36 - 16:49,09:40 - 16:43,09:36 - 16:49,09:35 - 16:20,09:37 - 17:04,09:39 - 12:57,N,09:42 - 16:58,09:40 - 16:12,N,09:42 - 16:42,N,09:41 - 16:23,N,09:40 - 16:46,09:38 - 16:43,09:01 - 16:42,09:37 - 16:46,09:42 - 15:58,09:32 - 12:19,23,0,6
363065,09:43 - 16:42,N,09:49 - 16:51,08:15 - 15:22,09:37 - 16:49,09:36 - 16:42,09:34 - 16:44,09:33 - 17:02,N,09:51 - 16:44,09:41 - 16:44,09:43 - 16:42,08:59 - 15:57,09:44 - 16:47,09:39 - 16:48,N,09:44 - 16:47,08:16 - 14:58,08:26 - 13:55,N,N,N,N,09:38 - 16:45,08:37 - 15:06,09:44 - 16:44,09:08 - 15:59,09:41 - 16:49,09:38 - 16:39,22,0,7
879753,09:47 - 16:41,N,09:45 - 16:54,09:47 - 16:55,09:46 - 16:53,09:47 - 16:52,09:44 - 16:50,09:49 - 17:11,N,09:42 - 16:50,10:06 - 16:51,09:49 - 16:49,09:36 - 16:47,09:39 - 17:04,09:48 - 16:42,N,09:43 - 17:06,09:44 - 16:52,09:48 - 17:20,09:48 - 16:59,N,N,N,09:45 - 17:48,09:45 - 16:53,09:54 - 17:07,09:44 - 16:51,09:52 - 16:57,09:48 - 16:51,23,0,6
958326,10:09 - 17:21,N,10:36 - 17:32,11:42 - 17:21,08:50 - 16:52,10:51 - 16:58,09:09 - 17:36,09:30 - 00:00,N,10:46 - 17:04,10:21 - 17:23,10:32 - 17:32,N,N,10:56 - 16:07,N,10:10 - 16:54,10:37 - 17:48,10:54 - 17:48,09:58 - 00:00,N,09:59 - 17:22,N,10:35 - 18:30,09:54 - 17:45,09:54 - 17:13,10:22 - 17:29,E,09:55 - 17:31,21,1,7
447813,09:36 - 00:00,N,16:42 - 00:00,N,E,N,09:46 - 16:50,16:50 - 00:00,N,E,E,09:47 - 00:00,09:30 - 00:00,09:49 - 00:00,09:27 - 16:46,N,16:40 - 00:00,09:27 - 16:50,09:46 - 16:50,N,N,N,N,09:41 - 16:51,E,16:52 - 00:00,09:44 - 16:52,09:40 - 00:00,N,15,4,10
525955,09:34 - 16:44,N,09:47 - 16:51,16:56 - 00:00,09:49 - 16:51,15:16 - 16:49,09:45 - 16:52,09:50 - 16:51,N,10:01 - 16:45,09:38 - 16:48,N,09:27 - 16:51,09:49 - 16:49,09:45 - 16:45,N,09:35 - 16:51,09:47 - 16:53,09:43 - 17:00,09:38 - 16:52,N,N,N,09:45 - 16:50,09:48 - 16:53,09:46 - 16:46,09:47 - 17:00,09:37 - 16:51,N,21,0,8
818384,09:11 - 16:39,N,08:15 - 15:44,08:10 - 14:58,08:43 - 00:00,08:17 - 00:00,N,09:33 - 13:00,N,08:39 - 00:00,08:07 - 15:04,08:13 - 00:00,08:01 - 14:58,08:07 - 14:58,09:34 - 16:39,N,08:35 - 14:56,08:15 - 15:03,08:15 - 14:58,08:17 - 00:00,N,09:34 - 16:40,N,08:23 - 14:57,08:00 - 15:06,08:06 - 14:57,08:12 - 15:22,08:11 - 15:05,09:22 - 16:37,23,0,6
971640,10:35 - 16:53,N,10:25 - 17:36,11:20 - 17:20,10:29 - 17:40,07:53 - 16:25,10:24 - 16:49,N,N,10:15 - 16:42,10:23 - 16:47,10:32 - 16:36,08:55 - 17:22,10:34 - 17:44,10:07 - 16:42,N,10:47 - 17:28,10:56 - 17:40,10:42 - 17:34,08:44 - 17:23,N,N,N,10:32 - 17:35,10:25 - 17:29,10:32 - 17:20,08:45 - 17:43,09:34 - 17:33,10:47 - 16:47,22,0,7
253573,09:52 - 16:40,N,N,09:44 - 16:50,09:49 - 16:47,09:17 - 16:24,10:01 - 15:32,10:10 - 16:25,N,N,09:33 - 16:45,09:49 - 17:06,09:20 - 16:41,09:45 - 16:46,09:31 - 17:17,N,09:41 - 16:50,09:54 - 17:36,09:49 - 18:06,08:20 - 00:00,N,10:06 - 16:46,N,09:55 - 16:53,N,09:33 - 16:55,08:19 - 00:00,09:43 - 16:48,10:16 - 17:33,21,0,8
904898,10:23 - 17:14,N,10:07 - 17:03,10:00 - 17:02,10:02 - 16:52,N,N,10:08 - 17:06,N,10:07 - 17:07,10:04 - 17:02,10:13 - 17:06,14:06 - 16:57,10:13 - 17:05,10:23 - 17:17,N,10:01 - 17:20,10:16 - 17:38,09:54 - 18:06,10:17 - 17:19,N,10:22 - 16:50,N,09:56 - 16:58,10:17 - 17:00,N,10:11 - 17:07,N,10:30 - 17:33,20,0,9
515103,09:04 - 15:59,N,08:44 - 16:32,10:05 - 16:33,08:09 - 15:15,09:26 - 16:33,10:08 - 16:33,09:32 - 16:22,N,09:04 - 16:20,09:09 - 16:29,08:31 - 15:01,09:58 - 16:45,N,09:13 - 16:37,N,08:56 - 16:32,09:12 - 16:38,08:31 - 15:24,09:22 - 16:38,N,09:12 - 16:41,N,09:06 - 16:14,09:23 - 16:29,07:59 - 15:23,09:00 - 16:33,09:07 - 16:33,09:16 - 16:42,23,0,6
491943,N,N,08:03 - 14:59,09:45 - 16:02,08:05 - 16:44,09:31 - 16:17,09:39 - 16:32,09:31 - 16:44,N,09:36 - 16:18,N,09:36 - 12:55,09:25 - 15:58,08:09 - 14:58,09:38 - 16:30,N,08:02 - 14:56,09:47 - 16:18,08:05 - 14:55,09:39 - 16:42,N,09:36 - 16:36,N,08:19 - 14:56,09:29 - 16:04,08:03 - 16:37,09:52 - 15:00,08:04 - 16:33,09:33 - 16:40,22,0,7
750173,N,N,09:46 - 16:57,08:24 - 15:18,09:45 - 16:49,08:26 - 15:48,08:28 - 15:14,08:35 - 17:02,N,09:39 - 16:45,09:52 - 15:38,09:49 - 16:48,08:24 - 15:05,09:34 - 00:00,09:48 - 16:45,N,11:48 - 16:51,08:24 - 15:03,09:34 - 17:01,08:13 - 15:10,N,09:40 - 17:22,N,N,08:19 - 15:02,09:41 - 16:47,08:24 - 15:02,09:32 - 13:54,09:50 - 16:47,22,0,7
687017,09:51 - 16:41,N,09:58 - 16:50,09:45 - 16:48,N,09:55 - 15:12,09:50 - 16:29,N,N,N,11:41 - 16:46,09:50 - 16:36,09:46 - 16:46,09:55 - 16:45,09:43 - 16:39,N,09:50 - 16:49,09:52 - 16:45,09:50 - 17:12,09:30 - 16:53,N,09:50 - 15:35,N,09:47 - 16:48,09:50 - 16:44,09:48 - 16:43,09:47 - 16:48,09:46 - 16:49,09:47 - 16:49,21,0,8
241882,09:33 - 18:02,N,09:51 - 17:43,09:26 - 16:45,09:46 - 17:49,09:20 - 16:46,09:45 - 19:11,09:32 - 17:15,N,09:30 - 17:28,09:53 - 17:04,N,09:38 - 17:44,09:35 - 17:19,09:31 - 17:09,N,08:58 - 17:20,09:42 - 17:33,09:11 - 17:13,09:43 - 18:26,N,09:35 - 17:44,N,09:28 - 18:29,09:38 - 18:20,08:59 - 18:29,09:40 - 17:48,09:35 - 18:26,09:26 - 18:56,23,0,6
758872,09:40 - 16:42,N,09:36 - 16:41,09:34 - 16:44,09:41 - 16:41,09:44 - 16:44,08:07 - 14:58,N,N,N,09:47 - 16:42,09:41 - 16:30,09:37 - 16:29,09:49 - 16:25,09:44 - 16:42,N,08:16 - 15:01,09:44 - 16:35,09:42 - 16:41,09:44 - 16:41,N,09:43 - 16:41,N,08:10 - 14:59,N,N,12:42 - 16:44,09:39 - 16:28,09:37 - 16:41,20,0,9
940922,09:50 - 17:00,N,09:45 - 16:55,09:43 - 17:00,09:37 - 16:48,09:49 - 00:00,N,09:45 - 15:46,N,09:42 - 16:43,09:58 - 16:51,09:51 - 16:41,10:53 - 18:04,09:53 - 17:32,09:53 - 16:24,N,09:51 - 17:44,09:54 - 17:30,09:48 - 00:00,09:39 - 00:00,N,09:47 - 16:59,N,09:51 - 00:00,09:51 - 17:31,08:50 - 00:00,08:53 - 17:44,09:02 - 17:46,09:42 - 00:00,23,0,6
917937,09:47 - 17:34,N,09:50 - 17:00,09:48 - 17:04,09:48 - 16:50,09:48 - 16:53,09:47 - 16:39,09:43 - 16:48,N,09:48 - 16:38,09:55 - 16:48,09:46 - 16:38,09:48 - 16:48,09:45 - 00:00,09:48 - 00:00,N,09:48 - 16:44,N,09:59 - 16:39,09:50 - 16:48,N,N,N,09:47 - 16:55,09:49 - 16:47,09:48 - 16:48,09:48 - 16:48,09:48 - 16:36,N,21,0,8
917395,08:13 - 16:32,N,08:08 - 16:36,08:16 - 16:32,08:29 - 16:09,08:18 - 16:25,08:35 - 16:26,08:34 - 16:34,N,08:32 - 16:25,08:49 - 16:34,08:34 - 16:30,08:31 - 16:26,08:34 - 16:28,08:07 - 16:54,N,07:58 - 16:33,08:08 - 16:28,08:46 - 16:25,08:23 - 16:43,N,08:38 - 16:34,N,08:10 - 16:55,08:23 - 16:52,08:34 - 16:23,08:23 - 16:47,08:07 - 16:48,08:25 - 16:22,24,0,5
183071,09:42 - 16:07,N,09:49 - 16:16,09:39 - 16:23,09:48 - 16:24,09:42 - 16:25,09:30 - 16:27,09:36 - 16:05,N,09:42 - 16:24,09:39 - 16:19,09:37 - 16:27,09:37 - 16:20,09:43 - 16:18,09:37 - 16:39,N,09:41 - 16:40,09:26 - 16:41,09:37 - 16:18,09:26 - 16:08,N,09:27 - 16:14,N,09:42 - 16:19,09:34 - 16:19,09:41 - 16:23,09:42 - 16:19,09:41 - 16:29,09:22 - 16:15,24,0,5
316110,N,N,09:47 - 17:00,09:47 - 16:55,09:47 - 16:49,09:57 - 16:49,09:49 - 16:51,09:47 - 16:51,N,09:51 - 16:42,09:52 - 16:48,09:39 - 16:50,09:50 - 16:51,09:51 - 16:44,09:49 - 16:45,N,09:49 - 17:16,09:54 - 16:53,09:50 - 17:01,09:48 - 17:04,N,09:51 - 16:47,N,09:48 - 17:03,13:36 - 16:53,09:49 - 16:53,09:47 - 16:48,09:48 - 16:55,09:49 - 16:53,23,0,6
293459,10:44 - 00:00,N,09:47 - 17:17,10:44 - 18:07,10:44 - 17:02,10:26 - 00:00,10:48 - 00:00,11:23 - 14:10,N,11:02 - 17:04,10:55 - 00:00,10:43 - 16:38,10:58 - 17:54,12:07 - 17:22,10:09 - 00:00,N,10:43 - 00:00,10:08 - 00:00,17:08 - 00:00,10:56 - 18:44,N,13:55 - 18:11,N,10:43 - 00:00,10:54 - 00:00,10:05 - 00:00,10:58 - 16:22,10:57 - 16:46,10:00 - 18:18,24,0,5
732017,09:48 - 16:40,N,09:40 - 14:25,09:45 - 16:44,09:46 - 16:44,09:52 - 16:39,09:52 - 13:06,09:40 - 16:42,N,09:50 - 16:39,10:01 - 16:37,09:51 - 16:40,09:51 - 16:49,09:46 - 16:48,10:03 - 16:39,N,10:00 - 16:42,09:55 - 16:43,09:53 - 16:42,09:50 - 00:00,N,09:50 - 16:38,N,09:45 - 16:44,09:18 - 16:38,09:52 - 16:41,10:02 - 16:44,09:57 - 16:46,10:00 - 16:43,24,0,5
915638,08:15 - 00:00,N,09:48 - 16:42,08:16 - 14:57,09:48 - 16:48,08:23 - 15:01,09:48 - 16:40,08:14 - 11:32,N,09:49 - 16:41,09:51 - 16:45,10:01 - 16:41,08:14 - 11:28,09:46 - 16:46,08:21 - 15:00,N,09:53 - 00:00,08:15 - 15:07,N,08:58 - 15:49,N,08:13 - 15:06,N,09:48 - 16:53,08:23 - 13:54,09:46 - 16:55,09:46 - 16:44,09:49 - 16:48,08:16 - 14:59,23,0,6
478003,09:31 - 16:42,N,09:39 - 16:48,08:12 - 13:58,N,N,09:45 - 16:46,09:38 - 17:02,N,09:42 - 16:41,09:57 - 16:41,09:43 - 16:37,08:07 - 15:00,08:12 - 15:01,08:12 - 14:57,N,09:29 - 16:47,08:16 - 15:03,08:16 - 15:00,08:14 - 15:20,N,09:42 - 17:22,N,09:35 - 16:45,08:10 - 15:01,08:09 - 14:57,08:11 - 15:16,08:13 - 15:04,09:39 - 16:40,22,0,7
951225,08:51 - 16:49,N,09:07 - 16:46,09:15 - 16:45,09:11 - 16:48,08:59 - 16:39,09:25 - 14:29,09:39 - 17:08,N,10:22 - 16:53,09:13 - 15:38,09:29 - 16:40,09:43 - 13:10,N,N,N,09:14 - 16:44,09:19 - 16:46,09:08 - 16:45,08:46 - 16:46,N,09:51 - 13:32,N,09:54 - 16:48,09:20 - 16:39,09:18 - 16:43,09:42 - 16:45,09:46 - 16:40,09:38 - 16:49,22,0,7
883936,N,N,N,N,N,N,N,N,N,N,N,N,N,N,N,N,N,N,N,N,N,N,N,N,N,N,N,N,N,0,0,29
528673,08:35 - 15:39,N,09:49 - 16:48,08:45 - 00:00,09:38 - 17:00,09:53 - 16:52,08:42 - 15:12,09:48 - 16:46,N,09:52 - 16:50,09:55 - 16:43,09:51 - 16:46,08:58 - 15:34,08:42 - 15:32,N,N,N,08:27 - 15:20,09:50 - 16:44,08:33 - 15:32,N,N,N,09:27 - 17:17,08:28 - 15:11,09:50 - 16:42,09:53 - 16:45,08:26 - 16:46,08:28 - 15:36,21,0,8
765850,10:13 - 16:45,N,10:18 - 16:44,10:28 - 16:57,10:04 - 16:46,10:32 - 16:54,13:42 - 17:08,10:10 - 16:51,N,14:01 - 16:48,10:11 - 16:47,10:33 - 16:45,10:10 - 16:49,10:13 - 16:38,10:24 - 16:38,N,10:12 - 16:44,09:51 - 16:47,10:14 - 16:55,10:08 - 16:42,N,10:10 - 16:51,N,10:22 - 16:49,10:06 - 16:52,10:31 - 16:47,09:57 - 16:38,10:21 - 16:43,09:50 - 16:53,24,0,5
262382,09:48 - 16:40,N,09:50 - 16:40,09:45 - 16:56,09:46 - 00:00,09:48 - 13:30,09:50 - 16:40,09:51 - 12:54,N,09:50 - 15:40,09:57 - 16:40,09:47 - 16:42,09:49 - 16:42,09:50 - 16:43,13:29 - 16:51,N,09:52 - 16:35,09:49 - 16:43,09:51 - 16:40,09:49 - 17:03,N,09:51 - 16:43,N,09:53 - 16:48,09:48 - 16:37,09:49 - 12:49,09:52 - 16:36,09:53 - 16:42,09:47 - 16:49,24,0,5
870820,09:44 - 16:45,N,09:45 - 16:44,08:25 - 15:06,09:49 - 16:46,09:53 - 16:43,09:47 - 16:44,09:44 - 17:20,N,09:46 - 16:51,09:54 - 16:41,09:43 - 16:43,09:48 - 16:50,09:50 - 16:43,09:50 - 16:43,N,08:31 - 15:09,08:16 - 14:59,09:35 - 16:50,09:52 - 16:44,N,09:47 - 16:49,N,09:44 - 16:43,08:24 - 15:09,09:41 - 16:41,09:49 - 16:46,09:45 - 12:50,09:46 - 16:44,24,0,5
806955,09:48 - 16:45,N,09:55 - 16:43,14:11 - 16:57,09:54 - 16:47,09:53 - 16:54,09:48 - 16:49,09:53 - 16:48,N,09:51 - 16:47,09:51 - 16:45,09:51 - 16:44,N,N,09:50 - 16:38,N,09:52 - 16:44,09:53 - 16:46,09:50 - 16:49,N,N,09:49 - 16:51,N,10:03 - 16:47,09:46 - 16:45,09:52 - 16:48,09:50 - 16:37,09:52 - 16:44,09:52 - 16:51,21,0,8
325319,09:30 - 16:42,N,09:42 - 16:48,09:40 - 17:19,09:37 - 16:52,09:28 - 13:22,09:38 - 16:46,09:47 - 00:00,N,09:54 - 16:46,09:56 - 16:39,09:44 - 00:00,N,N,N,N,09:39 - 17:17,09:38 - 16:54,09:39 - 17:07,09:44 - 16:41,N,09:41 - 16:47,N,N,09:45 - 16:48,10:00 - 00:00,09:33 - 16:36,09:36 - 16:45,09:35 - 16:52,20,0,9
623253,N,N,09:51 - 16:41,09:48 - 16:56,09:46 - 16:43,09:52 - 16:55,09:48 - 16:59,09:48 - 16:47,N,09:55 - 16:43,09:56 - 16:45,09:51 - 16:41,09:52 - 16:48,09:43 - 16:41,09:50 - 16:44,N,09:39 - 16:34,09:46 - 16:35,09:47 - 16:53,09:48 - 16:50,N,09:43 - 16:46,N,09:42 - 16:36,09:50 - 16:27,09:48 - 16:30,09:48 - 16:41,09:45 - 16:29,09:49 - 16:29,23,0,6
225925,09:22 - 16:58,N,09:24 - 16:48,09:10 - 16:49,09:28 - 17:00,09:22 - 16:52,09:32 - 16:42,09:24 - 00:00,N,09:31 - 16:45,09:32 - 09:32,09:25 - 16:46,09:21 - 17:06,09:29 - 16:39,09:29 - 17:12,N,09:44 - 16:35,09:30 - 16:46,09:30 - 16:43,09:45 - 16:41,N,09:31 - 16:39,N,09:23 - 16:54,09:19 - 16:43,09:30 - 16:38,09:36 - 16:43,09:31 - 16:46,09:29 - 16:42,24,0,5
761821,08:21 - 14:59,N,12:58 - 16:43,09:47 - 16:56,09:50 - 16:46,09:42 - 16:55,09:46 - 17:06,08:25 - 15:02,N,09:47 - 16:47,09:50 - 16:46,09:46 - 16:44,08:07 - 15:36,N,N,N,09:48 - 16:44,09:50 - 16:46,09:48 - 16:49,09:54 - 16:42,N,08:20 - 15:01,N,08:08 - 15:01,09:45 - 16:45,09:47 - 16:47,09:43 - 16:37,09:48 - 16:44,08:10 - 15:32,22,0,7
400173,N,N,N,09:54 - 17:20,09:49 - 16:44,N,N,09:45 - 17:25,N,09:54 - 16:55,09:58 - 16:44,09:49 - 16:43,09:47 - 16:46,09:49 - 16:45,09:51 - 16:54,N,09:51 - 16:32,09:53 - 16:55,09:49 - 16:37,09:51 - 16:36,N,N,N,N,09:49 - 16:49,09:44 - 16:44,09:56 - 16:34,09:48 - 15:40,09:54 - 16:52,18,0,11
802554,09:50 - 17:00,N,09:48 - 16:45,09:49 - 16:39,09:50 - 16:44,09:49 - 16:40,09:41 - 16:44,09:51 - 16:40,N,09:49 - 16:38,09:51 - 16:44,09:44 - 16:41,09:50 - 16:46,09:48 - 16:46,09:53 - 16:39,N,N,N,N,N,N,12:59 - 16:47,N,09:46 - 16:41,09:45 - 16:49,N,09:47 - 16:34,09:51 - 16:46,09:53 - 16:48,19,0,10
476433,10:04 - 16:55,N,N,09:54 - 17:19,09:48 - 16:44,09:44 - 16:41,09:43 - 00:00,09:45 - 17:25,N,09:54 - 16:46,09:58 - 16:45,09:50 - 16:43,09:47 - 16:47,09:49 - 16:45,09:52 - 00:00,N,09:51 - 16:35,09:53 - 16:55,09:49 - 16:45,09:51 - 16:36,N,N,N,10:17 - 16:47,09:49 - 16:49,09:44 - 16:44,09:56 - 16:34,09:48 - 15:41,09:50 - 16:52,22,0,7
533952,09:49 - 16:45,N,09:05 - 16:43,09:48 - 16:57,09:54 - 16:47,09:49 - 16:56,09:54 - 16:50,09:47 - 16:49,N,09:54 - 12:56,10:09 - 16:47,09:45 - 16:44,10:02 - 16:48,09:50 - 16:38,09:39 - 16:40,N,09:47 - 16:43,09:48 - 16:46,N,09:48 - 16:42,N,09:44 - 16:51,N,09:53 - 16:47,09:47 - 16:43,09:45 - 16:47,09:37 - 16:37,10:04 - 16:44,N,22,0,7
623929,09:26 - 16:45,N,09:41 - 16:48,09:31 - 16:31,N,09:08 - 16:47,09:33 - 16:49,09:34 - 16:54,N,09:39 - 16:45,09:31 - 15:38,N,N,09:29 - 16:46,09:46 - 16:37,N,09:36 - 16:44,09:39 - 16:47,09:35 - 16:43,09:38 - 16:43,N,09:35 - 16:38,N,09:43 - 16:48,09:38 - 16:48,09:41 - 16:49,09:42 - 16:42,09:42 - 16:48,09:37 - 16:45,21,0,8
844177,N,N,09:45 - 16:43,09:48 - 16:57,08:27 - 15:25,09:47 - 16:54,08:36 - 15:24,09:45 - 16:48,N,09:47 - 16:47,09:54 - 16:45,09:50 - 16:46,09:53 - 16:48,08:28 - 15:15,09:50 - 16:38,N,N,09:46 - 16:46,08:11 - 15:28,09:50 - 16:43,N,09:49 - 16:51,N,09:48 - 17:17,09:45 - 16:43,08:11 - 15:07,08:10 - 16:38,09:49 - 16:44,09:59 - 00:00,22,0,7
212893,10:10 - 16:40,N,10:07 - 16:48,10:07 - 16:42,10:06 - 16:40,10:07 - 16:43,10:05 - 16:40,10:11 - 16:38,N,10:02 - 16:39,10:01 - 16:40,N,10:19 - 16:39,10:08 - 16:43,10:10 - 16:40,N,10:05 - 16:41,10:09 - 16:50,10:10 - 16:37,10:14 - 16:56,N,N,N,10:14 - 16:43,10:21 - 16:39,10:08 - 16:38,10:16 - 16:36,10:25 - 15:32,N,21,0,8
185032,09:31 - 16:47,N,09:47 - 16:49,09:50 - 16:56,09:44 - 16:49,09:46 - 16:50,09:46 - 16:46,09:48 - 17:04,N,09:44 - 16:48,09:50 - 16:46,09:45 - 16:44,09:55 - 16:57,09:48 - 16:51,N,N,09:44 - 16:59,09:48 - 16:48,09:44 - 16:47,09:54 - 16:48,N,09:44 - 16:54,N,09:47 - 16:48,09:47 - 16:50,09:50 - 16:48,09:46 - 16:57,09:39 - 16:49,N,22,0,7
867084,09:35 - 16:34,N,08:03 - 15:01,08:04 - 14:54,08:10 - 14:57,07:58 - 14:53,08:02 - 14:55,09:47 - 15:26,N,N,09:53 - 16:37,09:39 - 16:41,09:50 - 13:15,09:45 - 16:36,09:42 - 16:38,N,07:58 - 14:55,07:59 - 14:57,08:01 - 14:57,08:27 - 14:57,N,09:42 - 16:38,N,08:06 - 14:58,N,N,07:58 - 14:55,N,09:45 - 16:37,20,0,9
969964,09:25 - 16:45,N,09:30 - 16:38,09:31 - 16:55,09:36 - 16:29,09:28 - 16:33,09:33 - 16:47,09:38 - 16:48,N,N,09:34 - 16:36,09:35 - 16:36,09:28 - 16:44,09:27 - 16:47,09:28 - 00:00,N,N,09:35 - 16:38,09:33 - 16:37,09:41 - 16:40,N,09:19 - 16:34,N,09:34 - 16:36,09:25 - 16:50,09:25 - 16:37,09:44 - 16:43,09:33 - 16:30,09:31 - 16:51,22,0,7
158666,14:24 - 16:43,N,09:48 - 00:00,10:09 - 17:18,N,09:49 - 16:50,09:50 - 16:42,09:49 - 16:51,N,09:47 - 16:44,09:58 - 16:44,13:36 - 16:44,09:41 - 16:42,09:51 - 16:40,09:42 - 16:42,N,09:48 - 16:43,10:19 - 16:57,N,09:39 - 16:40,N,09:34 - 16:35,N,09:57 - 16:42,13:49 - 16:47,09:49 - 16:42,14:02 - 16:36,10:01 - 16:43,09:51 - 16:44,22,0,7
489424,09:46 - 16:59,N,N,N,09:51 - 16:46,09:48 - 16:40,09:56 - 15:43,08:57 - 17:13,N,17:30 - 00:00,10:30 - 16:51,12:46 - 16:43,10:04 - 16:51,09:49 - 16:47,N,N,09:50 - 16:45,13:39 - 16:39,09:48 - 00:00,09:50 - 16:43,N,09:49 - 16:47,N,08:35 - 15:22,08:28 - 15:00,09:45 - 16:48,09:43 - 16:44,09:47 - 16:45,09:47 - 16:44,21,0,8
639892,09:44 - 16:39,N,09:44 - 16:42,09:49 - 16:39,09:45 - 16:40,09:48 - 16:39,09:45 - 16:38,09:44 - 16:40,N,09:49 - 16:36,10:19 - 16:39,09:50 - 16:39,09:45 - 16:39,09:47 - 16:43,09:48 - 16:39,N,09:48 - 16:35,09:48 - 16:40,N,N,N,09:46 - 16:38,N,09:49 - 16:39,09:45 - 16:41,09:55 - 16:38,09:40 - 16:34,09:44 - 16:42,09:45 - 16:35,22,0,7
704709,N,N,N,N,N,N,N,N,N,N,N,N,N,N,N,N,N,N,N,N,N,N,N,N,N,N,N,N,N,0,0,29
461593,09:45 - 16:46,N,09:55 - 16:44,10:01 - 16:42,N,10:19 - 16:41,10:08 - 16:47,16:47 - 00:00,N,N,09:57 - 16:41,09:55 - 16:37,10:15 - 16:45,09:45 - 16:34,10:20 - 16:33,N,09:59 - 16:40,10:13 - 16:42,10:03 - 16:51,10:09 - 16:27,N,10:10 - 16:48,N,09:58 - 16:57,10:04 - 16:30,10:10 - 16:39,09:42 - 16:39,09:57 - 16:40,10:04 - 16:43,22,0,7
392491,08:37 - 15:16,N,08:35 - 16:55,09:48 - 16:51,09:49 - 16:44,N,N,08:35 - 14:55,N,09:39 - 16:54,09:56 - 16:45,09:48 - 16:45,09:47 - 16:46,09:48 - 16:47,08:31 - 15:04,N,09:47 - 16:42,09:53 - 16:54,09:44 - 16:38,N,N,08:38 - 15:17,N,09:48 - 16:46,09:45 - 16:49,08:32 - 00:00,N,N,09:48 - 16:51,19,0,10
495141,09:32 - 16:45,N,09:35 - 16:43,08:22 - 15:18,08:30 - 14:58,09:41 - 16:42,08:22 - 15:02,N,N,09:48 - 16:27,09:41 - 16:38,09:47 - 16:40,09:41 - 16:42,08:29 - 15:32,N,N,08:30 - 15:16,08:39 - 14:56,08:19 - 15:09,09:41 - 16:39,N,09:47 - 16:46,N,09:43 - 16:44,09:42 - 16:40,09:48 - 16:40,09:44 - 16:39,08:32 - 14:58,08:48 - 14:55,22,0,7
